"","locationID","Latitude","Longitude","n.all.ind","Confused Squirrel or Treeshrew","Felis planiceps","Hemigalus derbyanus","Hystrix brachyura","Lariscus insignis","Macaca nemestrina","Martes flavigula","Muntiacus muntjak","Muntiacus spp.","Paradoxurus hermaphroditus","Pardofelis marmorata","Presbytis rubicunda rubida","Rheithrosciurus macrotis","Sus barbatus","Tragulus javanicus","Tragulus napu","Trichys fasciculata","Tupaia longipes (glis)","Tupaia sp.","Tupaia splendidula","Unid Rat","Unid Squirrel","Unid bats","Unid civet","Viverra tangalunga","Herpestes sp.","Catopuma badia","Muntiacus atherodes","Pongo pygmaeus","Tarsius bancanus","Tupaia dorsalis","Tupaia gracilis","Tupaia tana","Callosciurus nonatus","Dremomys everetti","Manis javanica","Mustela nudipes","Paguma larvata","Prionodon linsang","Sundasciurus lowii","Neofelis nebulosa","Prionailurus bengalensis","Arctogalidia trivirgata","Cynogale bennettii","Macaca fascicularis","Ratufa affinis","Arctictis binturong","Helarctos malayanus","Sundasciurus hippurus","Tragulus spp.","Exilisciurus exilis","Soricidae","Tupaia montana","Sundasciurus jentinki","Echinosorex gymnurus","Canis familiaris","Rhinosciurus laticaudatus","Aonyx cinerea","Hemigalus hosei"
"1",9,-1.20752,110.10863,164,1,1,3,7,3,31,1,3,1,2,1,2,4,39,18,2,7,1,2,1,10,2,1,3,18,0,0,0,0,0,0,0,0,0,0,0,0,0,0,0,0,0,0,0,0,0,0,0,0,0,0,0,0,0,0,0,0,0,0
"2",10,-1.20704,110.10824,11,0,0,0,0,0,0,0,0,0,0,0,0,0,0,0,3,0,0,0,0,5,0,0,0,1,2,0,0,0,0,0,0,0,0,0,0,0,0,0,0,0,0,0,0,0,0,0,0,0,0,0,0,0,0,0,0,0,0,0
"3",11,-1.20697,110.10837,348,5,0,5,9,13,51,0,7,1,7,0,0,9,83,39,2,13,1,2,1,46,1,1,3,28,1,1,5,4,1,4,4,1,0,0,0,0,0,0,0,0,0,0,0,0,0,0,0,0,0,0,0,0,0,0,0,0,0,0
"4",12,-1.21033,110.128,108,0,0,3,0,0,6,1,2,1,0,1,1,0,9,0,0,2,1,3,0,31,0,1,0,12,9,0,7,0,0,1,0,0,1,2,5,1,1,6,1,0,0,0,0,0,0,0,0,0,0,0,0,0,0,0,0,0,0,0
"5",13,-1.21087,110.12574,68,0,0,0,0,0,6,0,1,0,0,1,0,0,42,0,0,0,1,0,0,0,0,0,0,8,2,0,3,1,0,0,0,0,0,0,0,0,0,0,1,1,1,0,0,0,0,0,0,0,0,0,0,0,0,0,0,0,0,0
"6",127,-1.2281,110.10597,246,0,0,0,11,0,14,0,33,1,0,0,0,1,126,4,7,2,0,0,0,10,0,0,1,17,3,0,11,0,0,0,0,0,0,0,0,0,0,0,0,1,2,1,1,0,0,0,0,0,0,0,0,0,0,0,0,0,0,0
"7",130,-1.21712,110.10572,484,0,0,27,10,1,12,3,12,2,5,0,1,2,277,3,23,4,1,2,0,5,0,5,3,48,6,0,8,0,0,0,0,0,0,0,0,0,4,0,0,1,0,0,0,18,1,0,0,0,0,0,0,0,0,0,0,0,0,0
"8",131,-1.21815,110.1082,223,0,0,19,7,3,9,0,16,0,4,0,0,5,30,0,9,19,0,0,0,53,0,4,1,14,5,0,13,0,0,0,0,0,0,0,0,0,0,0,0,0,0,0,5,4,0,1,1,1,0,0,0,0,0,0,0,0,0,0
"9",132,-1.21596,110.10131,169,0,0,3,2,20,32,0,0,0,3,0,0,0,21,29,0,5,1,0,0,7,6,0,0,16,3,0,0,4,0,0,0,2,1,0,0,1,0,1,0,2,0,0,1,8,0,1,0,0,0,0,0,0,0,0,0,0,0,0
"10",133,-1.21382,110.10215,102,0,0,16,1,1,20,0,0,0,0,0,0,2,6,29,0,18,0,0,0,1,1,0,0,1,2,0,1,1,0,0,1,0,0,0,0,0,0,0,0,0,0,0,0,0,0,0,0,0,1,0,0,0,0,0,0,0,0,0
"11",135,-1.22219,110.10448,240,0,0,60,2,29,0,0,7,1,1,0,0,15,17,1,22,14,0,1,0,26,1,7,1,9,7,0,4,3,0,3,0,0,0,0,0,0,0,1,0,0,0,0,0,6,0,1,0,0,1,0,0,0,0,0,0,0,0,0
"12",136,-1.22302,110.10008,312,0,0,1,0,5,33,0,7,0,0,0,3,7,225,5,1,4,0,1,0,0,0,0,1,0,2,0,1,5,0,0,0,0,0,0,1,0,0,0,0,0,0,0,0,7,0,0,1,1,0,1,0,0,0,0,0,0,0,0
"13",137,-1.22079,110.09916,178,0,0,3,7,12,43,3,0,0,1,0,9,1,24,36,3,25,0,1,0,0,0,1,0,0,2,0,2,3,0,0,0,1,0,0,0,0,0,0,0,0,0,0,0,0,0,0,0,0,1,0,0,0,0,0,0,0,0,0
"14",138,-1.21043,110.12347,86,0,0,0,6,0,12,0,3,1,0,3,0,0,6,0,0,0,0,0,0,24,0,0,1,13,4,0,1,1,0,3,1,0,0,0,0,0,0,0,0,3,3,0,0,0,0,0,1,0,0,0,0,0,0,0,0,0,0,0
"15",139,-1.21222,110.12592,437,0,0,6,10,0,20,2,7,1,0,0,3,0,55,0,0,0,2,4,0,NA,0,0,3,20,1,0,19,0,0,13,0,1,0,1,0,0,0,2,0,0,1,0,0,0,0,0,0,0,0,0,1,0,0,0,0,0,0,0
"16",140,-1.21001,110.13112,180,0,0,0,0,0,1,6,0,0,0,0,0,0,27,0,0,0,4,2,11,89,0,0,0,0,0,0,0,0,0,2,1,0,0,1,0,0,1,9,1,4,1,0,0,0,0,1,3,0,0,0,0,16,0,0,0,0,0,0
"17",141,-1.21142,110.13108,21,0,0,0,0,0,1,0,11,0,0,0,1,0,0,0,0,1,0,0,0,0,0,0,0,1,2,0,2,0,0,0,0,0,0,0,0,0,0,1,0,0,0,0,0,0,0,1,0,0,0,0,0,0,0,0,0,0,0,0
"18",142,-1.20939,110.13502,52,0,0,0,0,0,7,4,0,0,0,1,0,0,2,0,0,0,1,4,0,3,2,0,2,2,8,0,1,0,0,1,0,0,1,0,3,0,3,5,0,0,0,0,0,0,0,1,1,0,0,0,0,0,0,0,0,0,0,0
"19",143,-1.2096,110.13661,69,0,0,0,3,0,8,0,0,0,1,0,0,0,6,0,0,2,0,1,0,1,3,0,0,7,8,0,2,0,0,0,3,0,1,2,2,0,2,1,1,2,0,0,0,0,0,0,3,0,0,0,0,9,1,0,0,0,0,0
"20",144,-1.21188,110.09911,390,0,0,2,7,0,16,0,1,0,0,0,0,0,166,133,0,15,1,0,0,8,0,3,0,17,1,0,0,5,0,0,0,0,3,0,0,0,0,0,0,5,0,0,0,0,1,1,1,0,3,0,0,0,0,1,0,0,0,0
"21",145,-1.21024,110.09765,5,0,0,0,0,0,0,0,0,0,0,0,0,0,0,5,0,0,0,0,0,0,0,0,0,0,0,0,0,0,0,0,0,0,0,0,0,0,0,0,0,0,0,0,0,0,0,0,0,0,0,0,0,0,0,0,0,0,0,0
"22",146,-1.2108,110.09754,146,0,0,1,5,0,27,0,0,0,0,0,1,0,26,67,0,0,0,0,0,0,0,1,0,4,4,1,0,3,0,0,0,0,0,0,0,0,0,0,0,1,0,0,1,0,0,2,0,0,1,0,0,0,0,1,0,0,0,0
"23",147,-1.21929,110.10307,309,0,0,17,5,2,2,0,5,1,0,0,4,6,143,3,0,6,0,6,0,NA,0,1,3,28,4,0,1,1,0,0,0,3,0,0,0,0,1,1,0,0,2,0,0,8,0,0,0,0,1,0,0,0,0,0,2,0,0,0
"24",148,-1.21851,110.10475,241,0,0,4,0,1,6,0,7,0,0,0,1,0,170,0,10,5,5,1,0,6,0,5,0,11,0,0,0,0,0,7,0,0,0,0,0,0,0,0,0,0,0,0,0,2,0,0,0,0,0,0,0,0,0,0,0,0,0,0
"25",149,-1.20737,110.11285,521,0,0,22,6,0,186,0,42,5,1,2,2,2,126,2,26,25,0,0,0,35,0,1,1,13,2,0,9,0,0,5,0,0,0,0,0,0,0,0,0,0,2,0,0,0,0,3,0,0,3,0,0,0,0,0,0,0,0,0
"26",150,-1.21605,110.11442,189,0,0,3,11,0,22,0,19,2,0,0,1,0,56,0,0,2,4,0,0,37,0,0,0,11,0,0,6,0,0,0,0,0,0,0,0,0,5,0,0,9,0,0,0,0,0,1,0,0,0,0,0,0,0,0,0,0,0,0
"27",151,-1.2081,110.11807,300,0,0,0,5,0,13,2,11,1,0,1,1,2,36,0,0,0,0,1,0,129,0,0,0,36,4,0,6,1,0,1,0,0,0,0,0,0,3,0,0,42,2,0,0,0,0,2,1,0,0,0,0,0,0,0,0,0,0,0
"28",152,-1.21272,110.11988,119,0,0,2,12,0,18,1,25,1,0,0,0,0,12,0,0,10,2,0,0,17,0,1,0,3,4,0,5,0,0,3,0,0,0,0,0,0,0,0,1,0,0,0,0,0,0,0,2,0,0,0,0,0,0,0,0,0,0,0
"29",153,-1.21809,110.11567,208,1,0,14,18,0,7,0,16,0,0,0,0,2,24,0,0,1,3,2,0,69,0,1,1,28,0,0,0,0,0,5,13,1,0,0,0,0,0,1,1,0,0,0,0,0,0,0,0,0,0,0,0,0,0,0,0,0,0,0
"30",154,-1.22393,110.11439,410,0,0,9,99,0,75,7,33,2,0,1,1,3,37,0,0,8,0,2,0,19,0,6,0,55,0,0,5,3,0,0,0,0,0,0,0,0,3,0,0,35,1,0,0,0,0,1,5,0,0,0,0,0,0,0,0,0,0,0
"31",155,-1.22905,110.11547,147,0,0,2,23,0,6,0,5,1,0,0,5,0,40,0,0,0,0,0,0,13,0,4,0,15,2,1,3,0,0,1,0,0,0,0,0,0,1,0,0,21,1,0,0,0,0,0,3,0,0,0,0,0,0,0,0,0,0,0
"32",156,-1.23304,110.11118,326,0,0,5,14,0,47,1,7,0,0,0,2,5,46,0,0,0,6,0,0,118,0,2,1,19,1,0,6,1,0,0,5,4,0,0,0,0,1,0,0,28,0,0,0,0,0,0,7,0,0,0,0,0,0,0,0,0,0,0
"33",157,-1.22359,110.11033,130,0,0,8,9,0,19,0,3,1,0,0,0,4,8,0,0,9,0,0,0,46,1,0,3,10,3,0,3,1,0,0,0,0,0,0,0,0,0,0,0,1,1,0,0,0,0,0,0,0,0,0,0,0,0,0,0,0,0,0
"34",158,-1.22547,110.11023,161,0,0,0,8,0,49,0,12,0,0,0,0,1,14,1,0,13,0,0,0,27,0,1,2,24,0,0,2,1,0,0,0,0,0,0,0,0,0,1,0,0,4,0,1,0,0,0,0,0,0,0,0,0,0,0,0,0,0,0
"35",159,-1.226,110.11576,103,0,0,0,18,0,7,1,4,1,0,0,0,1,17,0,0,3,0,2,0,19,1,0,1,12,1,0,0,0,0,0,2,0,0,0,0,0,2,0,0,7,3,0,0,0,0,0,0,1,0,0,0,0,0,0,0,0,0,0
"36",160,-1.21263,110.10065,77,0,0,3,0,0,21,0,3,0,0,0,4,2,12,20,0,4,0,0,0,2,0,0,0,5,0,0,0,0,0,0,0,0,0,0,1,0,0,0,0,0,0,0,0,0,0,0,0,0,0,0,0,0,0,0,0,0,0,0
"37",161,-1.21013,110.10319,185,1,4,0,2,0,11,0,0,0,0,0,0,1,53,90,1,6,0,0,0,1,0,1,0,2,0,0,0,4,0,0,0,3,0,0,0,0,0,2,0,0,0,0,0,2,0,0,0,0,1,0,0,0,0,0,0,0,0,0
"38",162,-1.20966,110.09449,169,0,0,0,0,0,19,0,0,0,0,0,1,0,19,97,0,1,4,1,0,9,0,0,0,0,0,0,1,3,0,0,0,0,0,0,0,0,0,0,0,2,0,0,0,0,0,0,3,0,2,0,0,0,0,6,0,1,0,0
"39",163,-1.22791,110.11164,161,0,0,5,8,0,22,0,12,1,0,0,1,0,36,0,0,33,0,0,0,30,0,2,0,6,1,0,1,0,0,0,0,0,0,0,0,0,2,0,0,0,0,0,0,0,0,0,1,0,0,0,0,0,0,0,0,0,0,0
"40",164,-1.23304,110.10912,189,0,0,8,13,0,51,2,7,0,0,0,12,0,41,0,0,7,0,0,0,18,0,2,0,15,0,0,6,0,0,0,0,0,0,0,0,0,0,0,0,7,0,0,0,0,0,0,0,0,0,0,0,0,0,0,0,0,0,0
"41",165,-1.22957,110.12312,226,0,0,16,12,0,29,18,19,1,0,2,1,0,29,0,0,0,0,0,0,28,0,3,0,40,0,0,9,0,0,NA,0,0,0,0,0,0,0,0,0,8,7,0,0,0,0,0,1,0,0,0,0,0,0,0,0,0,0,0
"42",166,-1.2265,110.1208,519,1,0,0,30,54,26,3,24,3,0,0,7,3,59,0,0,49,7,3,0,147,3,4,1,46,3,0,10,3,0,4,0,3,0,2,0,1,1,0,8,1,3,0,0,0,0,4,3,0,0,3,0,0,0,0,0,0,0,0
"43",167,-1.2287,110.12817,217,0,0,8,1,0,1,27,7,1,0,1,0,0,39,0,0,0,0,0,0,75,0,1,0,18,2,0,8,1,0,3,2,0,0,0,0,0,0,0,0,19,1,0,0,0,0,0,2,0,0,0,0,0,0,0,0,0,0,0
"44",168,-1.22912,110.13028,115,0,0,2,2,0,28,5,1,0,0,3,0,0,28,0,0,0,0,0,0,2,0,0,0,18,2,0,0,0,0,0,0,0,0,0,1,0,0,0,0,16,0,0,0,0,0,2,5,0,0,0,0,0,0,0,0,0,0,0
"45",170,-1.22993,110.13567,367,0,0,8,12,3,13,118,1,1,0,5,0,0,80,0,0,0,0,1,0,20,2,2,1,49,7,0,3,1,0,1,0,0,0,1,2,0,8,2,0,23,0,0,0,0,0,1,1,0,0,1,0,0,0,0,0,0,0,0
"46",171,-1.23109,110.13722,69,0,0,0,5,0,6,0,0,0,0,0,0,0,27,0,0,0,1,2,0,4,NA,3,1,5,5,0,2,1,0,0,0,0,0,0,0,0,1,0,1,3,2,0,0,0,0,0,0,0,0,0,0,0,0,0,0,0,0,0
"47",172,-1.23188,110.13854,126,0,0,0,0,0,1,4,0,1,1,0,0,0,18,0,0,1,3,0,0,22,1,0,1,19,1,0,0,3,0,7,0,0,0,0,0,3,12,10,0,11,1,0,0,0,0,1,2,0,0,0,0,3,0,0,0,0,0,0
"48",173,-1.23046,110.13847,218,1,0,0,3,46,0,3,0,0,0,0,0,0,3,0,0,14,1,5,0,84,1,0,0,15,0,0,13,0,0,20,0,1,0,0,1,1,1,0,1,0,0,0,0,0,0,3,0,0,0,1,0,0,0,0,0,0,0,0
"49",174,-1.22856,110.10848,75,0,0,0,3,0,11,1,11,1,2,0,0,2,21,0,0,8,0,0,0,4,0,1,0,4,0,0,3,0,0,0,0,0,0,0,0,0,0,0,0,1,1,0,0,0,0,1,0,0,0,0,0,0,0,0,0,0,0,0
"50",175,-1.22942,110.10719,472,0,0,22,5,5,20,2,26,2,4,0,11,2,322,7,0,13,1,0,0,2,0,2,1,4,2,0,8,1,0,0,0,1,0,0,0,0,0,0,0,1,2,0,0,2,0,3,0,1,0,0,0,0,0,0,0,0,0,0
"51",176,-1.221819,110.101329,532,0,0,25,0,96,0,0,17,0,0,0,2,37,320,12,0,3,1,0,0,12,0,1,1,2,0,0,0,0,0,0,0,0,0,0,0,0,0,0,0,0,0,0,0,1,2,0,0,0,0,0,0,0,0,0,0,0,0,0
"52",179,-1.22369,110.09772,158,0,0,11,3,4,28,1,1,0,0,1,0,1,26,27,4,27,1,1,0,13,0,0,0,1,0,0,1,1,0,0,0,0,0,0,0,0,0,0,0,0,0,0,0,1,0,0,0,0,4,0,0,0,0,1,0,0,0,0
"53",180,-1.21284,110.11249,49,0,0,10,0,1,19,0,0,1,0,0,0,0,7,0,1,3,1,0,0,0,0,0,1,3,0,0,0,0,0,1,0,1,0,0,0,0,0,0,0,0,0,0,0,0,0,0,0,0,0,0,0,0,0,0,0,0,0,0
"54",181,-1.22639,110.09879,130,0,1,1,1,10,16,0,0,0,0,1,1,1,55,4,25,7,0,0,0,1,0,1,0,1,1,0,0,0,0,0,0,0,0,0,1,0,0,0,0,0,1,0,0,0,0,0,0,0,1,0,0,0,0,0,0,0,0,0
"55",182,-1.21021,110.0858,106,0,0,4,0,0,26,0,0,0,0,0,0,0,12,43,4,0,1,0,0,4,1,0,0,0,0,0,0,1,0,0,1,0,0,0,2,0,0,0,0,0,0,0,0,0,0,2,0,0,0,0,0,0,0,5,0,0,0,0
"56",183,-1.218617,110.104927,51,0,0,0,0,0,3,0,0,0,0,0,0,0,42,0,1,0,0,0,0,1,0,1,0,3,0,0,0,0,0,0,0,0,0,0,0,0,0,0,0,0,0,0,0,0,0,0,0,0,0,0,0,0,0,0,0,0,0,0
"57",184,-1.22505,110.10629,153,0,0,3,2,0,1,0,1,0,0,0,0,0,112,1,5,8,0,0,0,1,0,0,2,7,1,0,6,0,0,0,0,0,0,0,0,0,0,0,0,0,0,0,0,2,0,1,0,0,0,0,0,0,0,0,0,0,0,0
"58",187,-1.23053,110.1068,262,0,0,20,21,0,29,0,31,7,0,0,3,9,86,3,2,8,0,1,0,8,0,2,4,17,6,0,2,0,0,0,1,0,0,0,1,0,0,0,0,0,0,0,0,0,0,0,0,0,1,0,0,0,0,0,0,0,0,0
"59",188,-1.22211,110.1093,144,0,0,9,22,0,10,1,13,1,0,0,0,0,14,0,0,4,0,0,0,42,0,2,2,15,0,0,1,0,0,0,0,0,0,0,0,0,1,0,0,0,4,0,0,0,0,0,3,0,0,0,0,0,0,0,0,0,0,0
"60",189,-1.21474,110.10391,118,0,0,8,0,0,0,6,1,3,1,0,0,1,61,5,3,0,0,0,0,1,0,0,2,12,3,1,4,0,0,0,0,0,0,0,0,0,0,0,0,0,0,0,0,4,0,0,1,0,1,0,0,0,0,0,0,0,0,0
"61",190,-1.21354,110.10599,210,1,0,14,0,0,21,0,1,0,3,1,1,0,89,0,2,0,1,0,0,0,0,0,7,29,1,0,5,0,0,0,0,0,0,0,1,0,1,0,0,0,0,1,1,29,0,0,1,0,0,0,0,0,0,0,0,0,0,0
"62",191,-1.20721,110.10515,117,0,0,5,1,0,36,0,0,0,7,0,0,1,10,10,0,0,0,2,0,1,0,0,3,28,2,0,0,1,0,1,1,5,0,0,0,0,0,0,0,0,0,0,1,1,0,1,0,0,0,0,0,0,0,0,0,0,0,0
"63",192,-1.21025,110.10792,107,0,0,2,11,3,3,0,1,0,4,1,0,2,3,30,11,9,0,2,0,6,0,2,2,11,2,0,0,0,0,0,0,0,0,0,0,0,0,0,0,0,0,1,0,0,0,0,0,0,0,0,1,0,0,0,0,0,0,0
"64",193,-1.21281,110.10916,106,0,0,2,1,2,36,0,0,0,0,0,0,3,9,15,5,4,0,0,0,2,0,0,0,10,3,0,7,0,0,0,0,0,0,0,0,0,0,0,0,0,1,0,0,6,0,0,0,0,0,0,0,0,0,0,0,0,0,0
"65",194,-1.21856,110.1099,226,0,0,11,3,0,13,2,8,0,9,0,2,1,97,2,5,12,0,3,0,6,0,26,1,7,4,0,10,0,0,0,0,0,0,0,0,0,0,0,0,0,1,0,1,0,0,0,0,0,0,0,0,0,0,0,0,0,2,0
"66",195,-1.22839,110.09978,85,0,0,0,7,0,7,0,6,0,0,0,1,0,28,9,12,6,0,0,0,0,0,0,0,0,0,1,0,0,0,0,0,0,0,0,0,0,0,0,0,0,0,0,0,0,8,0,0,0,0,0,0,0,0,0,0,0,0,0
"67",196,-1.22937,110.09727,156,0,0,2,9,7,31,0,1,0,1,0,0,1,18,57,0,19,2,0,0,1,0,0,0,2,0,0,3,0,0,0,0,0,0,0,0,0,0,0,0,0,0,0,0,2,0,0,0,0,0,0,0,0,0,0,0,0,0,0
"68",197,-1.22669,110.12268,43,1,0,1,0,1,3,0,5,0,0,0,5,0,1,0,0,2,2,2,0,7,0,0,0,7,0,0,0,1,0,0,2,0,0,0,0,0,0,0,0,1,0,0,0,0,0,0,2,0,0,0,0,0,0,0,0,0,0,0
"69",198,-1.23008,110.13797,130,0,0,1,4,0,0,0,1,1,0,1,0,0,46,0,0,5,0,0,0,21,0,1,2,30,0,0,4,0,0,2,2,0,0,1,2,1,2,0,0,0,0,0,0,0,0,0,0,0,0,0,0,0,0,0,0,0,0,3
"70",199,-1.22895,110.11899,39,0,0,0,2,0,1,3,1,0,0,0,3,0,22,0,0,0,0,0,0,1,0,0,1,0,0,0,1,0,0,0,0,0,0,0,0,0,0,0,0,0,2,0,0,0,0,0,1,0,0,0,1,0,0,0,0,0,0,0
"71",200,-1.22688,110.11605,53,0,0,0,6,0,1,1,3,1,0,0,3,0,12,0,0,0,0,0,0,2,0,1,0,6,0,0,2,0,0,0,0,0,0,0,0,0,0,0,0,9,4,0,0,0,0,0,2,0,0,0,0,0,0,0,0,0,0,0
"72",201,-1.23045,110.11352,126,0,0,0,4,0,2,9,2,1,0,1,2,3,0,0,0,2,3,0,0,41,1,1,0,28,2,0,8,2,0,0,0,0,0,0,0,1,2,0,0,7,4,0,0,0,0,0,0,0,0,0,0,0,0,0,0,0,0,0
"73",202,-1.232,110.10819,111,0,0,18,4,0,15,0,9,4,0,0,1,1,20,0,0,5,0,1,0,18,0,0,2,5,1,0,2,0,0,2,0,0,0,0,0,0,0,0,0,3,0,0,0,0,0,0,0,0,0,0,0,0,0,0,0,0,0,0
"74",203,-1.21488,110.12775,83,0,0,11,2,0,0,0,13,1,0,0,0,2,0,0,0,5,1,0,0,33,1,2,0,2,0,0,6,0,0,1,0,0,0,1,0,0,0,0,0,0,2,0,0,0,0,0,0,0,0,0,0,0,0,0,0,0,0,0
"75",204,-1.21508,110.11685,148,1,0,17,14,0,2,1,35,4,0,0,8,0,13,0,0,0,1,0,0,5,0,1,2,17,1,0,10,0,0,0,0,0,0,0,0,0,0,2,0,0,8,0,0,0,0,1,5,0,0,0,0,0,0,0,0,0,0,0
"76",205,-1.20591,110.09202,124,1,0,18,0,0,27,0,0,0,0,0,0,0,7,53,0,0,2,0,0,2,0,0,0,3,0,0,0,5,1,0,0,0,0,0,1,0,0,0,0,2,0,0,0,0,0,0,0,0,0,0,0,0,0,2,0,0,0,0
"77",206,-1.20648,110.09936,179,0,0,4,0,0,13,2,0,0,0,0,0,0,1,94,1,23,0,0,0,6,0,1,2,4,2,0,0,5,0,0,0,0,0,0,0,0,0,0,0,0,0,0,0,0,0,0,1,0,0,0,0,0,0,20,0,0,0,0
"78",207,-1.21183,110.1166,130,0,0,0,34,0,2,0,6,1,0,0,0,0,14,0,0,0,0,0,0,32,0,1,1,11,0,0,3,1,0,4,0,0,0,0,0,0,0,0,0,18,0,0,0,0,0,1,1,0,0,0,0,0,0,0,0,0,0,0
"79",208,-1.20949,110.1329,25,0,0,0,0,0,0,0,0,0,0,0,0,0,0,0,0,0,0,2,0,9,1,0,0,2,0,0,1,0,0,0,5,0,0,0,0,0,0,1,0,0,0,1,0,0,0,0,0,0,0,0,0,3,0,0,0,0,0,0
"80",209,-1.21057,110.13915,97,0,0,0,1,0,3,3,1,0,0,0,0,0,8,0,0,1,8,0,0,28,0,0,1,23,6,0,2,1,0,1,1,0,0,0,0,0,0,1,0,3,0,2,0,0,0,0,1,0,0,0,0,0,0,0,0,2,0,0
"81",210,-1.21087,110.12183,62,0,0,3,13,0,2,0,2,1,0,0,2,0,7,0,0,4,1,0,0,2,0,0,2,7,0,0,11,0,0,0,0,0,0,0,0,0,0,0,0,2,0,0,0,0,0,0,3,0,0,0,0,0,0,0,0,0,0,0
"82",211,-1.23033,110.13632,151,0,0,4,2,0,4,32,2,2,0,5,0,0,4,0,0,0,0,0,0,10,0,0,7,49,8,0,7,0,0,0,1,0,0,2,0,0,2,1,0,4,2,0,0,0,0,0,3,0,0,0,0,0,0,0,0,0,0,0
"83",212,-1.2094,110.10841,90,0,0,9,0,2,10,0,0,0,4,0,0,2,53,3,0,1,0,0,0,2,0,0,1,1,0,0,1,0,0,0,0,0,0,0,0,0,0,0,0,0,0,0,1,0,0,0,0,0,0,0,0,0,0,0,0,0,0,0
"84",213,-1.22702,110.09763,70,0,0,0,0,1,27,0,0,0,0,0,2,1,9,5,17,1,0,0,0,1,0,2,0,2,0,0,1,0,0,0,0,1,0,0,0,0,0,0,0,0,0,0,0,0,0,0,0,0,0,0,0,0,0,0,0,0,0,0
"85",214,-1.21819,110.09994,95,0,1,2,6,3,6,2,1,0,0,0,0,0,20,32,3,7,2,0,0,5,0,0,0,1,0,0,0,1,0,0,0,0,0,0,0,0,0,0,0,1,0,0,0,1,0,0,0,0,1,0,0,0,0,0,0,0,0,0
"86",215,-1.23198,110.10516,95,0,0,24,3,0,2,1,3,0,0,0,0,1,11,5,11,1,3,0,0,11,0,1,1,9,1,0,5,0,0,0,1,0,0,0,1,0,0,0,0,0,0,0,0,0,0,0,0,0,0,0,0,0,0,0,0,0,0,0
"87",218,-1.22446,110.10305,59,0,0,0,0,1,2,0,0,0,0,0,0,1,20,0,25,1,0,0,0,0,0,0,0,4,0,0,2,0,0,0,0,0,0,0,0,0,0,0,0,0,0,0,0,2,0,0,1,0,0,0,0,0,0,0,0,0,0,0
"88",219,-1.21211,110.12435,105,0,0,0,3,0,0,1,19,0,0,2,1,0,23,0,0,2,1,2,0,28,0,0,0,3,5,0,4,2,0,1,2,0,0,0,0,0,2,1,0,0,1,0,0,0,0,0,1,0,0,0,0,0,0,0,1,0,0,0
"89",220,-1.20972,110.13365,11,0,0,0,0,0,0,0,0,0,0,0,0,0,0,0,0,0,0,0,0,7,0,0,0,0,0,0,0,0,0,0,3,0,0,0,0,0,0,0,0,0,0,0,0,0,0,0,0,0,0,0,1,0,0,0,0,0,0,0
"90",221,-1.21528,110.13099,60,1,0,1,0,2,0,0,15,3,1,0,0,0,12,0,0,0,0,1,0,16,1,0,0,0,0,0,4,0,0,0,0,0,0,0,0,0,0,0,0,0,1,0,0,0,0,1,1,0,0,0,0,0,0,0,0,0,0,0
"91",222,-1.21815,110.11421,155,0,0,0,11,0,2,0,13,0,0,1,4,0,6,0,0,1,3,1,0,50,0,1,0,44,1,0,2,0,0,8,0,0,0,0,0,0,1,0,0,3,3,0,0,0,0,0,0,0,0,0,0,0,0,0,0,0,0,0
"92",223,-1.22255,110.11338,144,0,0,1,10,0,2,0,59,2,0,1,2,0,9,0,0,0,0,0,0,5,0,0,1,20,1,0,13,3,0,0,0,0,1,0,0,0,0,0,0,13,0,0,0,0,0,1,0,0,0,0,0,0,0,0,0,0,0,0
"93",224,-1.23021,110.1106,139,0,0,3,22,0,14,0,3,0,0,0,0,0,47,0,0,9,0,0,0,25,0,2,0,8,2,0,0,0,0,1,0,0,0,0,0,0,0,0,0,1,2,0,0,0,0,0,0,0,0,0,0,0,0,0,0,0,0,0
"94",225,-1.20605,110.11582,162,0,0,10,3,0,10,0,5,0,0,1,3,4,14,0,0,5,0,1,0,73,0,2,0,20,1,0,5,0,0,1,1,0,0,0,0,0,0,0,0,0,1,0,0,1,0,1,0,0,0,0,0,0,0,0,0,0,0,0
"95",226,-1.21004,110.09153,45,0,0,0,0,0,13,1,0,0,0,0,0,0,1,15,0,0,3,2,0,0,0,0,0,0,0,0,0,2,0,0,1,0,0,0,1,0,0,0,0,2,0,0,0,0,0,1,1,0,0,0,0,0,0,2,0,0,0,0
"96",227,-1.2198,110.10908,132,0,0,8,18,0,3,0,6,0,2,0,4,0,34,1,6,11,0,0,0,13,0,0,1,13,3,0,3,0,0,0,0,0,0,0,0,0,1,0,0,1,0,0,0,1,0,0,3,0,0,0,0,0,0,0,0,0,0,0
"97",228,-1.21232,110.14107,13,0,0,1,0,0,1,0,1,0,0,0,0,0,0,0,0,1,0,0,0,0,0,0,0,3,0,0,0,0,0,3,2,0,0,0,0,0,0,0,0,0,0,0,0,0,0,0,1,0,0,0,0,0,0,0,0,0,0,0
"98",229,-1.22965,110.13408,64,0,0,2,2,0,4,2,1,0,0,2,0,0,4,0,0,0,0,0,0,21,1,0,0,13,0,0,1,1,0,4,0,0,0,0,0,0,0,0,0,4,0,0,0,0,0,2,0,0,0,0,0,0,0,0,0,0,0,0
"99",230,-1.23236,110.1416,81,0,0,1,0,0,12,3,0,0,1,0,1,0,4,0,0,0,0,0,0,19,1,0,0,23,1,0,0,1,0,1,4,0,0,1,0,0,2,1,2,2,0,0,0,0,0,0,0,0,0,0,0,0,0,0,0,0,0,1
"100",231,-1.23191,110.10147,43,0,0,0,0,0,4,0,0,0,0,0,0,0,34,1,3,0,0,0,0,0,0,0,0,0,0,0,1,0,0,0,0,0,0,0,0,0,0,0,0,0,0,0,0,0,0,0,0,0,0,0,0,0,0,0,0,0,0,0
"101",232,-1.21353,110.10411,138,0,0,2,19,38,5,0,0,0,0,0,0,0,17,15,1,0,1,4,0,25,2,0,1,5,0,0,0,0,0,0,0,0,0,0,0,0,0,0,0,1,1,0,0,1,0,0,0,0,0,0,0,0,0,0,0,0,0,0
"102",233,-1.2273,110.10926,44,0,0,3,1,0,2,0,2,0,0,0,0,0,4,0,0,1,0,0,0,16,0,0,0,13,0,0,0,1,0,0,0,0,0,0,0,0,0,0,0,0,0,0,0,1,0,0,0,0,0,0,0,0,0,0,0,0,0,0
"103",234,-1.20626,110.09629,70,0,0,0,0,0,3,1,0,0,4,0,0,0,0,37,0,0,6,1,0,1,0,0,0,0,2,0,0,4,0,0,1,0,1,0,0,0,0,1,0,0,0,0,1,0,0,0,0,1,0,0,0,0,0,5,0,1,0,0
"104",235,-1.23191,110.11232,154,0,0,0,3,0,19,1,8,0,0,0,3,0,3,0,0,13,0,0,0,70,0,0,0,15,1,0,4,2,0,0,0,0,0,0,0,0,1,0,0,11,0,0,0,0,0,0,0,0,0,0,0,0,0,0,0,0,0,0
"105",236,-1.21605,110.0973,69,0,0,0,6,4,0,0,0,0,0,0,0,2,0,31,1,2,6,0,0,1,1,1,1,10,0,0,0,0,0,0,0,0,0,0,0,0,0,0,0,1,0,0,0,2,0,0,0,0,0,0,0,0,0,0,0,0,0,0
"106",237,-1.22854,110.12444,270,0,0,0,24,0,23,12,25,1,0,2,5,1,91,0,0,1,0,0,0,16,0,1,1,23,5,0,14,0,0,1,0,1,0,0,0,0,0,1,0,12,1,0,0,0,0,2,7,0,0,0,0,0,0,0,0,0,0,0
"107",238,-1.23092,110.13931,127,0,0,0,2,1,5,0,4,0,0,0,0,5,16,0,0,3,0,0,0,76,0,1,2,1,0,0,5,0,0,0,0,0,0,0,0,0,5,0,0,0,0,1,0,0,0,0,0,0,0,0,0,0,0,0,0,0,0,0
"108",243,-1.2168,110.11244,122,0,0,2,0,0,40,4,21,0,0,0,0,5,16,0,0,0,0,0,0,1,0,0,1,19,5,0,6,0,0,1,0,0,0,0,0,0,0,0,0,0,0,0,0,0,0,0,1,0,0,0,0,0,0,0,0,0,0,0
"109",247,-1.22447,110.10266,34,0,0,0,0,10,0,0,2,0,0,0,0,0,3,0,10,3,0,0,0,3,0,0,0,0,1,0,0,0,0,0,0,0,0,0,0,0,0,0,0,0,0,0,0,2,0,0,0,0,0,0,0,0,0,0,0,0,0,0
"110",248,-1.22709,110.1089,28,0,0,1,5,0,2,0,4,1,0,0,0,0,11,0,0,2,0,0,0,0,0,0,0,1,0,0,1,0,0,0,0,0,0,0,0,0,0,0,0,0,0,0,0,0,0,0,0,0,0,0,0,0,0,0,0,0,0,0
"111",249,-1.22002,110.1096,39,0,0,2,0,0,0,0,2,1,0,0,0,0,3,0,0,0,0,0,0,11,0,0,0,18,0,0,2,0,0,0,0,0,0,0,0,0,0,0,0,0,0,0,0,0,0,0,0,0,0,0,0,0,0,0,0,0,0,0
"112",250,-1.21302,110.10629,9,0,0,0,0,0,0,0,0,0,0,0,0,0,0,0,0,0,0,0,0,0,0,0,0,0,0,0,0,0,0,0,0,0,0,0,0,0,0,0,0,0,0,0,0,9,0,0,0,0,0,0,0,0,0,0,0,0,0,0
"113",251,-1.22636,110.10559,21,0,0,0,0,0,0,0,0,0,0,0,0,0,7,0,0,0,0,0,0,0,0,0,0,0,0,0,0,0,0,0,0,0,0,0,0,0,0,0,0,0,0,0,4,2,0,0,0,0,0,0,0,0,0,0,0,0,8,0
"114",253,-1.23242,110.10147,18,0,0,1,0,0,1,0,0,0,0,0,0,0,1,0,11,0,0,0,0,0,0,0,0,0,0,0,3,0,0,0,0,0,0,0,0,0,0,0,0,0,0,0,1,0,0,0,0,0,0,0,0,0,0,0,0,0,0,0
"115",254,-1.22257,110.11395,21,0,0,0,0,0,1,2,2,0,0,0,0,0,0,0,0,1,0,1,0,5,0,0,0,4,0,0,2,0,0,3,0,0,0,0,0,0,0,0,0,0,0,0,0,0,0,0,0,0,0,0,0,0,0,0,0,0,0,0
"116",255,-1.21042,110.09132,37,0,0,0,0,0,16,1,0,0,1,0,0,0,5,8,0,0,0,0,0,0,0,0,0,0,0,0,0,4,0,0,0,0,0,0,0,0,0,0,0,0,0,0,0,0,0,0,0,0,0,0,0,0,0,2,0,0,0,0
"117",263,-1.21875,110.11395,11,0,0,1,0,0,0,0,1,0,0,0,0,0,0,0,0,0,0,0,0,4,0,0,1,3,0,0,1,0,0,0,0,0,0,0,0,0,0,0,0,0,0,0,0,0,0,0,0,0,0,0,0,0,0,0,0,0,0,0
"118",264,-1.21772,110.09993,6,0,0,0,0,3,1,0,0,0,0,0,0,0,0,1,0,0,0,0,0,0,0,0,0,1,0,0,0,0,0,0,0,0,0,0,0,0,0,0,0,0,0,0,0,0,0,0,0,0,0,0,0,0,0,0,0,0,0,0
"119",268,-1.22901,110.12447,21,0,0,1,1,0,0,0,0,0,0,0,0,0,0,0,0,1,0,0,0,9,0,0,0,0,1,0,2,0,0,6,0,0,0,0,0,0,0,0,0,0,0,0,0,0,0,0,0,0,0,0,0,0,0,0,0,0,0,0
"120",269,-1.23272,110.14161,9,0,0,0,1,0,0,0,0,0,0,0,0,0,0,0,0,1,0,0,0,2,0,0,0,1,0,0,2,0,0,0,1,0,0,0,0,0,1,0,0,0,0,0,0,0,0,0,0,0,0,0,0,0,0,0,0,0,0,0
"121",270,-1.20936,110.10878,96,0,0,2,0,13,8,0,5,0,0,1,0,2,29,1,2,18,0,1,0,2,1,1,0,5,1,0,1,0,0,1,1,0,0,0,0,0,0,0,0,0,0,0,0,1,0,0,0,0,0,0,0,0,0,0,0,0,0,0
"122",272,-1.23613,110.09831,36,0,0,4,0,0,6,0,0,0,0,0,0,0,10,6,0,2,0,0,0,1,0,0,0,2,0,0,1,2,0,0,0,0,0,0,0,0,0,1,0,0,0,0,0,0,0,0,1,0,0,0,0,0,0,0,0,0,0,0
"123",274,-1.21257,110.12436,161,0,0,4,0,0,10,5,6,3,0,0,5,0,68,0,0,0,1,0,0,39,0,0,0,4,0,0,8,0,0,0,1,0,0,0,0,0,2,0,0,0,1,0,0,0,0,1,3,0,0,0,0,0,0,0,0,0,0,0
"124",275,-1.20632,110.14097,1,0,0,0,0,0,0,0,0,0,0,0,0,0,0,0,0,0,0,0,0,1,0,0,0,0,0,0,0,0,0,0,0,0,0,0,0,0,0,0,0,0,0,0,0,0,0,0,0,0,0,0,0,0,0,0,0,0,0,0
"125",276,-1.21031,110.14067,4,0,0,0,0,0,0,0,0,0,0,0,0,0,0,0,0,0,0,0,0,1,0,0,0,1,0,0,1,0,0,1,0,0,0,0,0,0,0,0,0,0,0,0,0,0,0,0,0,0,0,0,0,0,0,0,0,0,0,0
"126",277,-1.2066,110.14127,11,0,0,0,0,0,0,0,0,0,0,0,0,0,0,0,0,0,0,0,0,1,0,0,0,1,1,0,2,3,0,0,0,0,0,0,0,0,1,2,0,0,0,0,0,0,0,0,0,0,0,0,0,0,0,0,0,0,0,0
"127",278,-1.21083,110.14066,15,0,0,1,0,0,0,0,0,0,0,0,0,0,0,0,0,3,0,0,0,0,0,0,0,1,0,0,10,0,0,0,0,0,0,0,0,0,0,0,0,0,0,0,0,0,0,0,0,0,0,0,0,0,0,0,0,0,0,0
"128",286,-1.23659,110.09831,148,0,0,5,3,10,36,0,2,0,0,0,0,0,45,29,0,0,0,0,0,7,0,0,5,4,2,0,0,0,0,0,0,0,0,0,0,0,0,0,0,0,0,0,0,0,0,0,0,0,0,0,0,0,0,0,0,0,0,0
"129",288,-1.20806,110.11758,61,0,0,1,0,0,8,0,1,0,0,0,0,0,1,0,0,1,0,0,0,41,0,0,0,4,0,0,0,0,0,2,2,0,0,0,0,0,0,0,0,0,0,0,0,0,0,0,0,0,0,0,0,0,0,0,0,0,0,0
"130",290,-1.23046,110.13801,98,0,0,0,2,2,0,0,0,0,1,0,0,0,35,0,0,2,0,0,0,47,0,0,0,4,0,0,3,0,0,1,0,0,0,0,0,0,0,0,0,0,0,0,0,0,0,0,0,0,0,0,0,0,0,0,0,0,0,1
"131",291,-1.22218,110.10403,23,0,0,1,0,6,0,0,1,0,0,0,0,1,0,0,1,0,0,0,0,8,0,0,0,0,4,0,0,0,0,0,0,0,0,0,1,0,0,0,0,0,0,0,0,0,0,0,0,0,0,0,0,0,0,0,0,0,0,0
"132",293,-1.22675,110.09842,43,0,0,0,0,0,3,0,0,0,0,0,0,0,32,0,1,0,0,0,0,0,0,0,0,0,2,0,0,0,0,0,0,0,0,0,0,0,0,0,0,0,0,0,2,1,0,0,0,0,0,0,0,0,0,0,0,0,2,0
"133",294,-1.22305,110.10504,17,0,0,1,0,0,0,0,0,0,1,0,0,0,10,0,1,0,0,0,0,0,0,0,0,0,1,0,0,0,0,0,0,0,0,0,0,0,0,0,0,0,0,0,3,0,0,0,0,0,0,0,0,0,0,0,0,0,0,0
"134",295,-1.2101,110.1315,6,0,0,0,0,0,0,0,0,0,0,0,0,0,2,0,0,0,0,0,0,2,0,0,0,0,0,0,0,0,0,0,0,0,0,0,1,0,1,0,0,0,0,0,0,0,0,0,0,0,0,0,0,0,0,0,0,0,0,0
"135",296,-1.21325,110.10216,17,0,0,0,1,1,1,0,0,0,0,0,0,0,7,0,0,1,1,0,0,0,0,0,0,1,0,0,1,0,0,0,0,0,0,0,0,0,0,0,0,0,0,0,0,0,0,0,0,0,0,0,0,0,0,3,0,0,0,0
"136",297,-1.21238,110.10063,49,1,0,1,3,4,0,0,0,0,0,0,0,0,1,27,0,1,0,0,0,4,0,1,1,5,0,0,0,0,0,0,0,0,0,0,0,0,0,0,0,0,0,0,0,0,0,0,0,0,0,0,0,0,0,0,0,0,0,0
"137",300,-1.22779,110.11119,19,0,0,0,0,0,0,0,0,0,0,0,0,0,0,0,0,1,0,0,0,15,0,0,0,0,0,0,3,0,0,0,0,0,0,0,0,0,0,0,0,0,0,0,0,0,0,0,0,0,0,0,0,0,0,0,0,0,0,0
"138",302,-1.22937,110.0968,34,0,0,2,0,1,11,0,0,0,0,0,0,0,2,12,0,4,0,0,0,0,0,0,0,0,0,0,2,0,0,0,0,0,0,0,0,0,0,0,0,0,0,0,0,0,0,0,0,0,0,0,0,0,0,0,0,0,0,0
"139",303,-1.23957,110.09499,70,0,0,0,6,0,4,0,0,0,0,0,0,1,2,46,0,7,0,0,0,1,0,0,0,0,1,0,0,0,0,0,0,0,0,0,0,0,0,0,0,0,0,0,0,0,0,0,1,0,0,0,0,0,0,1,0,0,0,0
"140",304,-1.21046,110.12175,35,0,0,1,0,0,1,0,11,0,0,0,0,0,8,0,0,6,0,0,0,0,0,2,0,0,0,0,5,0,0,0,0,0,0,0,0,0,0,0,0,0,0,0,0,0,0,0,1,0,0,0,0,0,0,0,0,0,0,0
"141",305,-1.22949,110.13027,80,0,0,0,1,0,3,0,1,0,0,0,1,0,2,0,0,5,1,0,0,45,0,1,0,6,0,0,6,1,0,5,0,0,0,0,0,0,0,0,0,0,1,0,0,0,0,0,1,0,0,0,0,0,0,0,0,0,0,0
"142",306,-1.21927,110.10184,7,0,0,0,0,2,0,0,0,0,0,0,0,0,0,3,0,0,0,0,0,1,0,0,0,0,0,0,0,0,0,0,0,0,0,0,0,0,0,0,0,0,0,0,0,0,0,0,0,0,1,0,0,0,0,0,0,0,0,0
"143",307,-1.20677,110.1427,2,0,0,0,0,0,0,0,1,0,0,0,0,0,0,0,0,0,0,0,0,0,0,0,0,1,0,0,0,0,0,0,0,0,0,0,0,0,0,0,0,0,0,0,0,0,0,0,0,0,0,0,0,0,0,0,0,0,0,0
"144",308,-1.20984,110.14208,3,0,0,0,0,0,0,0,0,0,0,0,0,0,0,0,0,1,0,0,0,0,0,0,0,0,0,0,1,0,0,0,0,0,0,0,0,0,0,0,0,0,0,0,0,0,0,0,0,0,0,0,0,1,0,0,0,0,0,0
"145",309,-1.22997,110.13514,70,0,0,0,0,0,3,0,0,0,0,0,0,0,2,0,0,2,0,2,0,47,0,0,0,1,0,0,8,0,0,3,0,0,0,0,0,0,2,0,0,0,0,0,0,0,0,0,0,0,0,0,0,0,0,0,0,0,0,0
"146",311,-1.2396,110.09556,29,0,0,1,0,0,0,0,0,0,0,0,0,0,5,2,0,19,0,0,0,1,0,1,0,0,0,0,0,0,0,0,0,0,0,0,0,0,0,0,0,0,0,0,0,0,0,0,0,0,0,0,0,0,0,0,0,0,0,0
"147",312,-1.23189,110.11187,22,0,0,0,0,0,9,0,0,0,0,0,0,0,1,0,0,3,0,0,0,3,0,0,0,3,0,0,2,0,0,0,0,0,0,0,0,0,0,0,0,0,0,0,0,0,0,0,1,0,0,0,0,0,0,0,0,0,0,0
"148",314,-1.22851,110.10888,17,0,0,0,0,0,0,0,3,0,0,0,0,0,10,0,0,0,0,0,0,0,0,0,0,0,3,0,0,1,0,0,0,0,0,0,0,0,0,0,0,0,0,0,0,0,0,0,0,0,0,0,0,0,0,0,0,0,0,0
"149",315,-1.21399,110.10411,17,0,0,0,0,0,6,0,0,0,0,0,0,0,7,1,0,1,0,0,0,0,0,0,0,1,0,0,1,0,0,0,0,0,0,0,0,0,0,0,0,0,0,0,0,0,0,0,0,0,0,0,0,0,0,0,0,0,0,0
"150",317,-1.23307,110.11159,187,0,0,1,4,0,69,3,6,0,0,0,4,0,38,0,0,13,0,0,0,11,0,0,1,11,8,0,14,0,0,0,0,1,0,0,0,0,0,0,0,0,2,0,0,0,0,0,1,0,0,0,0,0,0,0,0,0,0,0
"151",318,-1.20546,110.09202,35,0,0,0,0,0,0,0,0,0,0,1,0,0,10,7,0,0,2,2,0,3,0,0,0,1,2,0,0,0,0,0,3,0,0,0,0,0,0,0,0,1,0,0,0,0,0,0,0,0,0,0,0,0,0,3,0,0,0,0
"152",319,-1.21304,110.106,34,0,0,0,0,0,4,0,0,0,2,0,0,0,17,3,0,0,0,0,0,0,0,0,1,2,0,0,1,0,0,0,0,0,0,0,0,0,0,0,0,0,0,0,1,3,0,0,0,0,0,0,0,0,0,0,0,0,0,0
"153",321,-1.21639,110.11241,23,0,0,0,4,0,0,0,0,0,0,0,0,0,6,0,0,2,0,0,0,5,0,0,0,0,3,0,0,0,0,0,0,0,0,0,0,0,0,0,0,0,0,0,0,0,0,0,0,0,0,0,0,0,0,0,0,0,3,0
"154",323,-1.23051,110.10732,146,0,0,0,0,0,4,0,7,3,0,0,2,0,126,0,0,0,0,0,0,0,0,0,0,2,0,0,2,0,0,0,0,0,0,0,0,0,0,0,0,0,0,0,0,0,0,0,0,0,0,0,0,0,0,0,0,0,0,0
"155",324,-1.22357,110.11073,87,0,0,2,0,0,1,0,1,0,0,1,0,0,68,0,0,0,0,0,0,5,0,0,0,2,0,0,4,1,0,0,0,0,0,0,0,0,0,0,0,1,0,0,0,0,0,0,1,0,0,0,0,0,0,0,0,0,0,0
"156",325,-1.22909,110.10727,37,0,0,0,0,0,0,0,0,0,0,0,0,0,32,0,1,0,0,0,0,0,0,0,0,0,4,0,0,0,0,0,0,0,0,0,0,0,0,0,0,0,0,0,0,0,0,0,0,0,0,0,0,0,0,0,0,0,0,0
"157",326,-1.20641,110.11581,15,0,0,0,0,0,0,0,0,0,0,0,0,0,14,0,0,0,0,0,0,0,0,0,0,0,0,0,1,0,0,0,0,0,0,0,0,0,0,0,0,0,0,0,0,0,0,0,0,0,0,0,0,0,0,0,0,0,0,0
"158",328,-1.20976,110.09406,11,0,0,1,0,0,0,0,0,0,1,0,0,0,4,0,0,0,0,0,0,0,0,0,0,0,0,0,0,5,0,0,0,0,0,0,0,0,0,0,0,0,0,0,0,0,0,0,0,0,0,0,0,0,0,0,0,0,0,0
"159",329,-1.2161,110.11407,10,0,0,0,0,0,2,0,1,1,0,0,0,0,1,0,0,1,0,0,0,1,0,0,2,0,0,0,0,0,0,0,0,0,0,0,0,0,0,0,0,0,0,0,0,0,0,1,0,0,0,0,0,0,0,0,0,0,0,0
"160",332,-1.22945,110.09951,1,0,0,0,0,0,0,0,0,0,0,0,0,0,1,0,0,0,0,0,0,0,0,0,0,0,0,0,0,0,0,0,0,0,0,0,0,0,0,0,0,0,0,0,0,0,0,0,0,0,0,0,0,0,0,0,0,0,0,0
"161",333,-1.21191,110.13107,16,0,0,0,0,0,0,0,0,1,0,0,0,0,4,0,0,0,0,0,0,4,0,0,1,2,0,0,3,0,0,0,0,0,0,0,0,0,0,0,0,0,0,1,0,0,0,0,0,0,0,0,0,0,0,0,0,0,0,0
"162",334,-1.21023,110.08489,54,0,0,0,0,0,8,0,0,0,1,0,0,0,3,32,0,0,0,0,0,1,0,0,0,0,0,0,0,0,0,1,1,0,0,0,0,0,0,0,0,0,0,0,0,0,0,0,0,0,0,0,0,0,0,7,0,0,0,0
"163",335,-1.21596,110.10176,9,0,0,0,0,0,0,0,0,0,0,0,0,0,7,2,0,0,0,0,0,0,0,0,0,0,0,0,0,0,0,0,0,0,0,0,0,0,0,0,0,0,0,0,0,0,0,0,0,0,0,0,0,0,0,0,0,0,0,0
"164",337,-1.22447,110.10254,79,0,0,2,0,1,0,0,1,0,0,0,5,0,59,0,5,0,0,0,0,0,0,0,0,0,0,0,5,0,0,0,0,0,0,0,0,0,0,0,0,0,0,0,0,0,0,0,0,0,1,0,0,0,0,0,0,0,0,0
"165",338,-1.21801,110.1099,27,0,0,0,0,0,1,0,0,0,0,0,0,1,5,0,0,1,0,0,0,18,0,0,0,1,0,0,0,0,0,0,0,0,0,0,0,0,0,0,0,0,0,0,0,0,0,0,0,0,0,0,0,0,0,0,0,0,0,0
"166",339,-1.22081,110.09866,27,0,0,0,0,7,0,0,0,0,0,0,0,0,8,6,0,0,1,0,0,3,0,0,0,0,0,1,0,0,0,0,0,1,0,0,0,0,0,0,0,0,0,0,0,0,0,0,0,0,0,0,0,0,0,0,0,0,0,0
"167",340,-1.23353,110.10896,35,0,0,0,3,0,8,0,2,0,0,0,0,0,7,0,0,0,0,0,0,12,0,0,0,2,0,0,0,0,0,0,0,0,0,0,0,0,0,0,0,1,0,0,0,0,0,0,0,0,0,0,0,0,0,0,0,0,0,0
"168",341,-1.22919,110.11588,28,0,0,0,0,0,9,0,1,0,0,0,0,0,4,0,0,0,0,0,0,9,0,0,0,0,0,0,5,0,0,0,0,0,0,0,0,0,0,0,0,0,0,0,0,0,0,0,0,0,0,0,0,0,0,0,0,0,0,0
"169",342,-1.215331,110.127711,6,0,0,0,0,0,0,0,0,0,0,0,0,0,3,0,0,0,0,1,0,2,0,0,0,0,0,0,0,0,0,0,0,0,0,0,0,0,0,0,0,0,0,0,0,0,0,0,0,0,0,0,0,0,0,0,0,0,0,0
"170",343,-1.21612,110.09686,22,0,0,0,1,0,0,0,0,0,0,0,0,0,1,1,1,0,0,0,0,16,0,0,0,1,0,0,0,1,0,0,0,0,0,0,0,0,0,0,0,0,0,0,0,0,0,0,0,0,0,0,0,0,0,0,0,0,0,0
"171",347,-1.21276,110.10895,83,0,0,4,8,1,5,0,6,0,0,0,0,0,0,27,5,4,0,0,0,0,0,0,1,10,1,1,4,0,0,0,0,0,0,0,0,0,0,0,0,2,1,0,0,2,0,0,0,0,1,0,0,0,0,0,0,0,0,0
"172",349,-1.21341,110.10637,4,0,0,0,0,0,0,0,0,0,0,0,0,0,4,0,0,0,0,0,0,0,0,0,0,0,0,0,0,0,0,0,0,0,0,0,0,0,0,0,0,0,0,0,0,0,0,0,0,0,0,0,0,0,0,0,0,0,0,0
"173",351,-1.209973,110.12349,31,0,0,0,0,0,7,0,0,1,0,0,0,0,3,0,0,0,2,0,0,9,0,0,0,2,1,0,4,0,0,2,0,0,0,0,0,0,0,0,0,0,0,0,0,0,0,0,0,0,0,0,0,0,0,0,0,0,0,0
"174",352,-1.21861,110.10804,6,0,0,0,0,1,3,0,0,0,0,0,0,0,0,0,1,0,0,0,0,0,0,0,0,0,0,0,0,0,0,1,0,0,0,0,0,0,0,0,0,0,0,0,0,0,0,0,0,0,0,0,0,0,0,0,0,0,0,0
